NAME,TEAM,POS,SALARY
Max Scherzer,WSH,SP,42142857
Stephen Strasburg,WSH,SP,36428571
Mike Trout,LAA,CF,34083333
Zack Greinke,ARI,SP,32421884
David Price,BOS,SP,31000000
Clayton Kershaw,LAD,SP,31000000
Miguel Cabrera,DET,DH,30000000
Yoenis Cespedes,NYM,OF,29000000
Justin Verlander,HOU,SP,28000000
Albert Pujols,LAA,DH,28000000
Felix Hernandez,SEA,SP,27857143
Jon Lester,CHC,SP,27500000
Nolan Arenado,COL,3B,26000000
Giancarlo Stanton,NYY,RF,26000000
Jake Arrieta,PHI,SP,25000000
Joey Votto,CIN,1B,25000000
Jordan Zimmermann,DET,SP,25000000
Robinson Cano,NYM,2B,24000000
J.D. Martinez,BOS,OF,23750000
Edwin Encarnacion,SEA,1B,23333333
Josh Donaldson,ATL,3B,23000000
Johnny Cueto,SF,SP,22666666
Buster Posey,SF,C,22511111
Masahiro Tanaka,NYY,SP,22000000
Jacoby Ellsbury,NYY,OF,21857142
Eric Hosmer,SD,1B,21625000
Charlie Blackmon,COL,CF,21516666
Matt Kemp,CIN,OF,21500000
Freddie Freeman,ATL,1B,21359375
Rick Porcello,BOS,SP,21125000
Chris Davis,BAL,1B,21116517
Alex Gordon,KC,LF,21000000
Shin-Soo Choo,TEX,DH,21000000
Carlos Santana,CLE,1B,20500000
Yu Darvish,CHC,SP,20000000
Cole Hamels,CHC,SP,20000000
Mookie Betts,BOS,RF,20000000
Russell Martin,LAD,C,20000000
Yadier Molina,STL,C,20000000
Jason Heyward,CHC,RF,20000000
Jeff Samardzija,SF,SP,19800000
Wei-Yin Chen,MIA,RP,19773520
Justin Upton,LAA,LF,19700000
Kyle Seager,SEA,3B,19500000
Justin Turner,LAD,3B,19000000
Mark Melancon,SF,RP,19000000
Kenley Jansen,LAD,RP,18800000
Anthony Rendon,WSH,3B,18800000
Rich Hill,LAD,SP,18666667
Pablo Sandoval,SF,3B,18600000
Ryan Zimmerman,WSH,1B,18333333
Wade Davis,COL,RP,18333333
Yasmani Grandal,MIL,C,18250000
Ryan Braun,MIL,LF,18158038
Hyun-Jin Ryu,LAD,SP,17900000
Brandon Belt,SF,1B,17200000
Aroldis Chapman,NYY,RP,17200000
Corey Kluber,CLE,SP,17200000
Mike Leake,SEA,SP,17000000
Nathan Eovaldi,BOS,SP,17000000
J.A. Happ,NYY,SP,17000000
Ian Kennedy,KC,SP,16500000
Khris Davis,OAK,DH,16500000
Dexter Fowler,STL,RF,16500000
Michael Brantley,HOU,LF,16000000
Jose Abreu,CWS,1B,16000000
Evan Longoria,SF,3B,15500000
Ian Desmond,COL,CF,15400000
Matt Carpenter,STL,3B,15333333
Elvis Andrus,TEX,SS,15250000
Danny Duffy,KC,SP,15250000
Brandon Crawford,SF,SS,15200000
Jean Segura,PHI,SS,15050000
Martin Prado,MIA,3B,15000000
Paul Goldschmidt,STL,1B,15000000
Charlie Morton,TB,SP,15000000
Chris Sale,BOS,SP,15000000
Lorenzo Cain,MIL,CF,15000000
Jason Kipnis,CLE,2B,14666667
Dustin Pedroia,BOS,2B,14521686
Nelson Cruz,MIN,DH,14300000
Jay Bruce,SEA,RF,14000000
Alex Cobb,BAL,SP,14000000
Gerrit Cole,HOU,SP,13500000
Dee Gordon,SEA,2B,13500000
Mark Trumbo,BAL,DH,13274428
Jedd Gyorko,STL,3B,13166666
Andrelton Simmons,LAA,SS,13000000
Zack Britton,NYY,RP,13000000
Trevor Bauer,CLE,SP,13000000
Josh Reddick,HOU,RF,13000000
Daniel Murphy,COL,1B,13000000
Patrick Corbin,WSH,SP,12916666
Kris Bryant,CHC,3B,12900000
Zack Cozart,LAA,3B,12666667
Ben Zobrist,CHC,2B,12500000
Tyler Chatwood,CHC,RP,12500000
Anthony Rizzo,CHC,1B,12285714
Marcell Ozuna,STL,LF,12250000
Andrew Miller,STL,RP,12250000
Starlin Castro,MIA,2B,12000000
Madison Bumgarner,SF,SP,12000000
Xander Bogaerts,BOS,SS,12000000
DJ LeMahieu,NYY,2B,12000000
Manny Machado,SD,3B,12000000
Marwin Gonzalez,MIN,3B,12000000
George Springer,HOU,CF,12000000
Kendrys Morales,OAK,DH,12000000
Carlos Martinez,STL,SP,11800000
Didi Gregorius,NYY,SS,11750000
Bryce Harper,PHI,RF,11538461
Francisco Cervelli,PIT,C,11500000
Salvador Perez,KC,C,11200000
Julio Teheran,ATL,SP,11166666
Matt Harvey,LAA,SP,11000000
David Robertson,PHI,RP,11000000
Andrew McCutchen,PHI,LF,11000000
Kole Calhoun,LAA,RF,10833333
Starling Marte,PIT,CF,10666666
Francisco Lindor,CLE,SS,10550000
Jose Quintana,CHC,SP,10500000
Carlos Carrasco,CLE,SP,10500000
Brandon Morrow,CHC,RP,10500000
Yulieski Gurriel,HOU,1B,10000000
Tanner Roark,CIN,SP,10000000
Mike Moustakas,MIL,2B,10000000
Nick Castellanos,DET,RF,9950000
Christian Yelich,MIL,RF,9928571
Mike Minor,TEX,SP,9833333
Scooter Gennett,CIN,2B,9775000
Yasiel Puig,CIN,RF,9700000
Alex Wood,CIN,SP,9650000
Jose Altuve,HOU,2B,9500000
Andrew Cashner,BAL,SP,9500000
Jake Odorizzi,MIN,SP,9500000
Yusei Kikuchi,SEA,SP,9500000
Kevin Gausman,ATL,SP,9350000
Lance Lynn,TEX,SP,9333333
Juan Nicasio,PHI,RP,9250000
Ivan Nova,CWS,SP,9166667
Bryan Shaw,COL,RP,9166666
Jake McGee,COL,RP,9166666
Juan Lagares,NYM,CF,9100000
Jason Vargas,NYM,SP,9000000
Kelvin Herrera,CWS,RP,9000000
Trevor Cahill,LAA,SP,9000000
Adam Ottavino,NYY,RP,9000000
Brian Dozier,WSH,2B,9000000
Anibal Sanchez,WSH,SP,9000000
Todd Frazier,NYM,3B,9000000
Jacob deGrom,NYM,SP,9000000
Tommy Hunter,PHI,RP,9000000
Darren O'''Day,ATL,RP,8854712
Adam Eaton,WSH,RF,8700000
Kevin Kiermaier,TB,CF,8583333
James Paxton,NYY,SP,8575000
Jackie Bradley Jr.,BOS,CF,8550000
Yonder Alonso,CWS,DH,8500000
Corey Dickerson,PIT,LF,8500000
Cody Allen,LAA,RP,8500000
Anthony Swarzak,SEA,RP,8500000
Jed Lowrie,NYM,2B,8500000
Addison Reed,MIN,RP,8500000
Rougned Odor,TEX,2B,8333333
Pat Neshek,PHI,RP,8125000
Kyle Gibson,MIN,SP,8125000
Miles Mikolas,STL,SP,8000000
Jason Castro,MIN,C,8000000
Michael Pineda,MIN,SP,8000000
Wilson Ramos,NYM,C,8000000
Justin Smoak,TOR,1B,8000000
CC Sabathia,NYY,SP,8000000
Joe Smith,HOU,RP,8000000
Chris Archer,PIT,SP,7758333
Cesar Hernandez,PHI,2B,7750000
Brett Cecil,STL,RP,7750000
Welington Castillo,CWS,C,7500000
Steve Cishek,CHC,RP,7500000
Sonny Gray,CIN,SP,7500000
Jonathan Schoop,MIN,2B,7500000
Brett Gardner,NYY,LF,7500000
Stephen Piscotty,OAK,RF,7500000
Brad Hand,CLE,RP,7416666
Kyle Hendricks,CHC,SP,7405000
Marcus Stroman,TOR,SP,7400000
Mike Dunn,COL,RP,7333333
Alex Colome,CWS,RP,7325000
Eugenio Suarez,CIN,3B,7285714
Yan Gomes,WSH,C,7250000
Dellin Betances,NYY,RP,7250000
David Peralta,ARI,LF,7000000
Derek Holland,SF,SP,7000000
Drew Smyly,TEX,SP,7000000
Trevor Rosenthal,WSH,RP,7000000
Garrett Richards,SD,SP,7000000
Chase Anderson,MIL,SP,6750000
Jhoulys Chacin,MIL,SP,6750000
Kolten Wong,STL,2B,6700000
Gregory Polanco,PIT,OF,6700000
Jeurys Familia,NYM,RP,6666666
Mitch Moreland,BOS,1B,6500000
Roberto Osuna,HOU,RP,6500000
Joakim Soria,OAK,RP,6500000
Tony Watson,SF,RP,6500000
Sean Doolittle,WSH,RP,6500000
Aaron Hicks,NYY,CF,6428571
Blake Treinen,OAK,RP,6400000
Michael Wacha,STL,SP,6350000
Eric Thames,MIL,1B,6333333
Ken Giles,TOR,RP,6300000
Pedro Strop,CHC,RP,6250000
Steve Pearce,BOS,1B,6250000
Max Kepler,MIN,RF,6200000
Eduardo Escobar,ARI,3B,6166666
Robbie Ray,ARI,SP,6050000
Yusmeiro Petit,OAK,RP,6000000
Tyler Flowers,ATL,C,6000000
Nick Markakis,ATL,RF,6000000
Raisel Iglesias,CIN,RP,6000000
Noah Syndergaard,NYM,SP,6000000
Mike Fiers,OAK,SP,6000000
Zack Wheeler,NYM,SP,5975000
Marcus Semien,OAK,SS,5900000
J.T. Realmuto,PHI,C,5900000
Kevin Pillar,TOR,CF,5800000
Collin McHugh,HOU,SP,5800000
Robinson Chirinos,HOU,C,5750000
Tyson Ross,DET,SP,5750000
Ender Inciarte,ATL,CF,5700000
Wil Myers,SD,LF,5666666
Aaron Nola,PHI,SP,5562500
Odubel Herrera,PHI,CF,5550000
Luke Gregerson,STL,RP,5500000
Mike Foltynewicz,ATL,SP,5475000
Jordy Mercer,DET,SS,5250000
Billy Hamilton,KC,CF,5250000
A.J. Pollock,LAD,CF,5250000
Fernando Rodney,OAK,RP,5250000
Maikel Franco,PHI,3B,5200000
Javier Baez,CHC,SS,5200000
Luis Severino,NYY,SP,5187500
Corey Knebel,MIL,RP,5125000
Taijuan Walker,ARI,SP,5025000
Eduardo Nunez,BOS,3B,5000000
Brandon Kintzler,CHC,RP,5000000
Randal Grichuk,TOR,RF,5000000
Trevor Story,COL,SS,5000000
Justin Wilson,NYM,RP,5000000
Sam Dyson,SF,RP,5000000
Freddy Galvis,TOR,SS,5000000
Carlos Correa,HOU,SS,5000000
Joc Pederson,LAD,LF,5000000
Jonathan Villar,BAL,2B,4825000
Jake Lamb,ARI,1B,4825000
Arodys Vizcaino,ATL,RP,4800000
C.J. Cron,MIN,1B,4800000
Felipe Vazquez,PIT,RP,4750000
Travis Shaw,MIL,3B,4675000
Joe Kelly,LAD,RP,4666666
Jorge Soler,KC,RF,4666666
Nate Jones,CWS,RP,4650000
Yolmer Sanchez,CWS,2B,4625000
Chris Iannetta,COL,C,4525000
Hector Rondon,HOU,RP,4500000
David Freese,LAD,3B,4500000
Wade Miley,HOU,SP,4500000
Danny Salazar,CLE,SP,4500000
Mike Zunino,TB,C,4412500
Eduardo Rodriguez,BOS,SP,4300000
Alex Avila,ARI,C,4250000
Wilmer Flores,ARI,2B,4250000
Will Smith,SF,RP,4225000
Will Harris,HOU,RP,4225000
Carlos Rodon,CWS,SP,4200000
Eddie Rosario,MIN,LF,4190000
Jorge Polanco,MIN,SS,4158333
Jose Ramirez,CLE,3B,4150000
Steven Souza Jr.,ARI,RF,4125000
Lance McCullers Jr.,HOU,SP,4100000
Tommy Pham,TB,LF,4100000
Michael Conforto,NYM,RF,4025000
Shane Greene,DET,RP,4000000
Corey Seager,LAD,SS,4000000
Marco Estrada,OAK,SP,4000000
Ian Kinsler,SD,2B,4000000
Jesse Chavez,TEX,RP,4000000
Matt Adams,WSH,1B,4000000
Kurt Suzuki,WSH,C,4000000
Howie Kendrick,WSH,OF,4000000
Martin Perez,MIN,RP,4000000
Jon Jay,CWS,RF,4000000
Aaron Sanchez,TOR,SP,3900000
Joe Panik,SF,2B,3850000
Jarrod Dyson,ARI,OF,3750000
Trea Turner,WSH,SS,3725000
Kike Hernandez,LAD,2B,3725000
Tyler Skaggs,LAA,SP,3700000
Jimmy Nelson,MIL,SP,3700000
Nick Ahmed,ARI,SS,3662500
Jurickson Profar,OAK,2B,3600000
Brock Holt,BOS,2B,3575000
Travis d'Arnaud,NYM,C,3515000
Asdrubal Cabrera,TEX,3B,3500000
Matt Shoemaker,TOR,SP,3500000
Avisail Garcia,TB,RF,3500000
Chris Taylor,LAD,2B,3500000
Andrew Heaney,LAA,SP,3400000
Addison Russell,CHC,SS,3400000
Kyle Schwarber,CHC,LF,3390000
Jonathan Lucroy,LAA,C,3350000
Chad Bettis,COL,SP,3325000
Nomar Mazara,TEX,RF,3300000
Clayton Richard,TOR,SP,3300000
Yoshihisa Hirano,ARI,RP,3250000
Greg Holland,ARI,RP,3250000
Wily Peralta,KC,RP,3250000
Jeff Mathis,TEX,C,3250000
Michael A. Taylor,WSH,CF,3250000
Jose Urena,MIA,SP,3200000
Keone Kela,PIT,RP,3175000
Jeremy Jeffress,MIL,RP,3175000
Miguel Rojas,MIA,SS,3155000
Sean Manaea,OAK,SP,3150000
Kenta Maeda,LAD,SP,3125000
Brad Peacock,HOU,SP,3110000
Kirby Yates,SD,RP,3062500
Leonys Martin,CLE,CF,3000000
Chris Owings,KC,SS,3000000
Jung-ho Kang,PIT,3B,3000000
Brad Brach,CHC,RP,3000000
Adam Jones,ARI,OF,3000000
Clay Buchholz,TOR,SP,3000000
Tucker Barnhart,CIN,C,2937500
Christian Vazquez,BOS,C,2933333
Jon Gray,COL,SP,2925000
Ryan Pressly,HOU,RP,2900000
Dylan Bundy,BAL,SP,2800000
Michael Fulmer,DET,SP,2800000
Jose Peraza,CIN,2B,2775000
Wade LeBlanc,SEA,SP,2750000
Shawn Kelley,TEX,RP,2750000
Jake Diekman,KC,RP,2750000
Lonnie Chisenhall,PIT,RF,2750000
Matt Duffy,TB,3B,2675000
Tony Cingrani,LAD,RP,2650000
Miguel Sano,MIN,3B,2650000
Roberto Perez,CLE,C,2625000
Steven Matz,NYM,SP,2625000
Tyler Anderson,COL,SP,2625000
Matt Boyd,DET,SP,2600000
Zach Davies,MIL,SP,2600000
Ketel Marte,ARI,CF,2600000
Matt Albers,MIL,RP,2500000
David Hernandez,CIN,RP,2500000
Matt Moore,DET,SP,2500000
Oliver Perez,CLE,RP,2500000
James McCann,CWS,C,2500000
Justin Bour,LAA,1B,2500000
Hernan Perez,MIL,2B,2500000
Adam Warren,SD,RP,2500000
Martin Maldonado,KC,C,2500000
Sergio Romo,MIA,RP,2500000
Jose Iglesias,CIN,SS,2500000
Seunghwan Oh,COL,RP,2500000
David Phelps,TOR,RP,2500000
Mike Montgomery,CHC,RP,2440000
Eloy Jimenez,CWS,LF,2333333
Craig Stammen,SD,RP,2250000
Chris Martin,TEX,RP,2250000
Merrill Kelly,ARI,SP,2250000
Jonny Venters,ATL,RP,2250000
Jared Hughes,CIN,RP,2250000
Vince Velasquez,PHI,SP,2249000
Junior Guerra,MIL,SP,2225000
Jake Marisnick,HOU,OF,2212500
Brad Boxberger,KC,RP,2200000
Mychal Givens,BAL,RP,2150000
Liam Hendriks,OAK,RP,2150000
Anthony DeSclafani,CIN,SP,2125000
Pedro Baez,LAD,RP,2100000
Austin Hedges,SD,C,2060000
Mark Canha,OAK,OF,2050000
Jordan Lyles,PIT,SP,2050000
Brian McCann,ATL,C,2000000
Daniel Descalso,CHC,2B,2000000
Neil Walker,MIA,1B,2000000
Paul DeJong,STL,SS,2000000
Adam Wainwright,STL,SP,2000000
Shelby Miller,TEX,SP,2000000
Edinson Volquez,TEX,SP,2000000
Zach Duke,CIN,RP,2000000
Robbie Grossman,OAK,LF,2000000
Josh Harrison,DET,2B,2000000
Derek Dietrich,CIN,LF,2000000
Aledmys Diaz,HOU,SS,2000000
Logan Forsythe,TEX,2B,2000000
Hunter Pence,TEX,LF,2000000
Michael Lorenzen,CIN,RP,1950000
Domingo Santana,SEA,LF,1950000
Andrew Chafin,ARI,RP,1945000
Lourdes Gurriel Jr.,TOR,2B,1928571
Jose Alvarez,PHI,RP,1925000
Devon Travis,TOR,2B,1925000
JC Ramirez,LAA,SP,1901000
Archie Bradley,ARI,RP,1830000
Hector Neris,PHI,RP,1800000
Austin Romine,NYY,C,1800000
Blake Parker,MIN,RP,1800000
Francisco Liriano,PIT,RP,1800000
Tyler Thornburg,BOS,RP,1750000
Cam Bedrosian,LAA,RP,1750000
Byron Buxton,MIN,CF,1750000
Tim Beckham,SEA,SS,1750000
Manny Pina,MIL,C,1750000
Curtis Granderson,MIA,LF,1750000
Gerardo Parra,SF,RF,1750000
Yangervis Solarte,SF,3B,1750000
Kyle Barraclough,WSH,RP,1725000
Jose Leclerc,TEX,RP,1687500
Chris Rusin,COL,RP,1687500
Luis Garcia,LAA,RP,1675000
Scott Kingery,PHI,2B,1666666
Matt Barnes,BOS,RP,1600000
Blake Snell,TB,SP,1600000
Luis Avilan,NYM,RP,1600000
Leury Garcia,CWS,OF,1550000
Taylor Rogers,MIN,RP,1525000
Chris Devenski,HOU,RP,1525000
Ryan Tepera,TOR,RP,1525000
Carl Edwards Jr.,CHC,RP,1500000
Cory Gearrin,SEA,RP,1500000
Drew Pomeranz,SF,SP,1500000
Brett Anderson,OAK,SP,1500000
Matt Wieters,STL,C,1500000
Daniel Hudson,TOR,RP,1500000
Robbie Erlin,SD,SP,1450000
T.J. McFarland,ARI,RP,1450000
Tim Anderson,CWS,SS,1400000
Ryan Buchter,OAK,RP,1400000
Hansel Robles,LAA,RP,1400000
Delino DeShields,TEX,CF,1400000
Aaron Loup,SD,RP,1400000
Charlie Culberson,ATL,SS,1395000
Tommy Kahnle,NYY,RP,1387500
Steven Wright,BOS,SP,1375000
Dan Otero,CLE,RP,1350000
Aaron Altherr,PHI,RF,1350000
Tommy La Stella,LAA,2B,1350000
Heath Hembree,BOS,RP,1312500
Blaine Hardy,DET,RP,1300000
Scott Oberg,COL,RP,1300000
Brandon Drury,TOR,3B,1300000
Ehire Adrianza,MIN,SS,1300000
Hunter Strickland,SEA,RP,1300000
Jeremy Hellickson,WSH,RP,1300000
Daniel Norris,DET,SP,1275000
Chaz Roe,TB,RP,1275000
Alex Claudio,MIL,RP,1275000
Dominic Leone,STL,RP,1260000
Tony Sipp,WSH,RP,1250000
Nick Hundley,OAK,C,1250000
Matt Joyce,ATL,OF,1250000
Lucas Duda,KC,1B,1250000
Josh Tomlin,ATL,RP,1250000
Greg Bird,NYY,1B,1200000
Erik Kratz,SF,C,1200000
Whit Merrifield,KC,2B,1187500
Brandon Lowe,TB,2B,1166666
Travis Jankowski,SD,OF,1165000
Brandon Workman,BOS,RP,1150000
Melky Cabrera,PIT,LF,1150000
Kevin Plawecki,CLE,C,1137500
Jose Martinez,STL,LF,1125000
Adam Conley,MIA,RP,1125000
Adam Morgan,PHI,RP,1100000
Josh Phegley,OAK,C,1075000
Nick Tropeano,LAA,SP,1075000
Neil Ramirez,CLE,RP,1000000
Brad Miller,CLE,2B,1000000
Mark Reynolds,COL,1B,1000000
Chris Herrmann,OAK,C,1000000
Jeanmar Gomez,TEX,RP,1000000
Peter Bourjos,LAA,OF,1000000
Hanley Ramirez,CLE,DH,1000000
Tony Wolters,COL,C,960000
Curt Casali,CIN,C,950000
Matt Andriese,ARI,RP,920000
Blake Swihart,BOS,C,910000
Roenis Elias,SEA,RP,910000
Greg Garcia,SD,2B,910000
John Ryan Murphy,ARI,C,900000
Joe Biagini,TOR,RP,900000
Trevor May,MIN,RP,900000
Marco Gonzales,SEA,SP,900000
Xavier Cedeno,CHC,RP,900000
Jesus Sucre,BAL,C,850000
Ji-Man Choi,TB,1B,850000
Nate Karns,BAL,RP,800000
Jesse Hahn,KC,SP,800000
Brian Flynn,KC,RP,800000
Guillermo Heredia,TB,OF,782000
Tony Barnette,CHC,RP,750000
Alex Wilson,MIL,RP,750000
Andrew Benintendi,BOS,LF,717500
Yimi Garcia,LAD,RP,710000
Gordon Beckham,DET,2B,700000
J.B. Shuck,PIT,OF,700000
Josh Hader,MIL,RP,687600
Aaron Judge,NYY,RF,684300
Willson Contreras,CHC,C,684000
Niko Goodrum,DET,2B,670500
Gary Sanchez,NYY,C,669800
Shohei Ohtani,LAA,SP,650000
Richard Rodriguez,PIT,RP,650000
Scott Barlow,KC,SP,650000
Terrance Gore,KC,OF,650000
Alex Bregman,HOU,3B,640500
Jesus Aguilar,MIL,1B,637500
Scott Schebler,CIN,CF,625000
Jose Berrios,MIN,SP,620000
Miguel Andujar,NYY,3B,617600
Albert Almora Jr.,CHC,OF,615500
Rafael Devers,BOS,3B,614500
Zac Rosscup,SEA,RP,610000
Zack Godley,ARI,SP,609400
Edwin Diaz,NYM,RP,607425
Joey Gallo,TEX,LF,605500
Gleyber Torres,NYY,2B,605200
Cody Bellinger,LAD,RF,605000
Chad Green,NYY,RP,598650
Brandon Nimmo,NYM,LF,598285
Nick Pivetta,PHI,SP,598000
Jordan Montgomery,NYY,SP,596600
Ross Stripling,LAD,SP,595000
Justin Miller,WSH,RP,593200
Mike Clevinger,CLE,SP,592200
Seth Lugo,NYM,RP,591875
Max Stassi,HOU,C,590100
Mitch Haniger,SEA,LF,590100
Zach Eflin,PHI,SP,590000
Jameson Taillon,PIT,SP,587500
Josh Bell,PIT,1B,587000
Brian Anderson,MIA,3B,585000
Dansby Swanson,ATL,SS,585000
Luke Jackson,ATL,RP,585000
Adam Frazier,PIT,2B,584000
Trevor Williams,PIT,SP,584000
Tony Kemp,HOU,LF,583600
Brian Goodwin,LAA,LF,583500
Tyler White,HOU,1B,582900
Robert Gsellman,NYM,RP,582500
Joe Musgrove,PIT,SP,582500
Hunter Renfroe,SD,RF,582100
Matt Strahm,SD,SP,581700
Kyle Crick,PIT,RP,581500
Edgar Santana,PIT,RP,581500
Luke Weaver,ARI,SP,581300
Omar Narvaez,SEA,C,581200
Wilmer Difo,WSH,2B,581100
Jonathan Holder,NYY,RP,580300
Matt Chapman,OAK,3B,580000
Jesse Winker,CIN,LF,580000
Reynaldo Lopez,CWS,SP,580000
Ryon Healy,SEA,3B,579800
Colin Moran,PIT,3B,579500
Sam Gaviglio,TOR,RP,579500
Luke Maile,TOR,C,579000
Luis Cessa,NYY,SP,578975
Teoscar Hernandez,TOR,LF,578600
Elias Diaz,PIT,C,578500
Mallex Smith,SEA,CF,578400
Harrison Bader,STL,CF,578300
Juan Soto,WSH,LF,578300
Jakob Junis,KC,SP,578250
Kevin McCarthy,KC,RP,578250
Brad Keller,KC,SP,578175
Hanser Alberto,BAL,3B,578000
Chad Kuhl,PIT,SP,578000
Domingo German,NYY,RP,577500
Ryan Brasier,BOS,RP,577500
Manuel Margot,SD,CF,577100
Erik Gonzalez,PIT,SS,577000
Matt Grace,WSH,RP,576400
Adalberto Mondesi,KC,SS,576000
Amed Rosario,NYM,SS,575500
Trey Mancini,BAL,LF,575500
Ozzie Albies,ATL,2B,575000
Jesse Biddle,ATL,RP,575000
Rhys Hoskins,PHI,1B,575000
Johan Camargo,ATL,3B,575000
Sean Newcomb,ATL,SP,575000
Shane Carle,ATL,RP,575000
A.J. Minter,ATL,RP,575000
Brian Johnson,BOS,RP,575000
Kendall Graveman,CHC,SP,575000
Yoan Moncada,CWS,3B,575000
Max Muncy,LAD,1B,575000
Austin Barnes,LAD,C,575000
Scott Alexander,LAD,RP,575000
Drew Steckenrider,MIA,RP,575000
Mitch Garver,MIN,C,575000
Nick Williams,PHI,RF,575000
Brandon Brennan,SEA,RP,575000
Luke Bard,LAA,RP,575000
Matt Olson,OAK,1B,575000
Tyler Naquin,CLE,RF,574800
Silvino Bracho,ARI,RP,574600
Steven Brault,PIT,RP,574500
Mikie Mahtook,DET,CF,574500
Edubray Ramos,PHI,RP,573500
Jose Osuna,PIT,1B,573500
Luke Voit,NYY,1B,573200
Tim Hill,KC,RP,573175
Lucas Giolito,CWS,SP,573000
Richard Bleier,BAL,RP,572500
Kevan Smith,LAA,C,572500
Jake Cave,MIN,OF,572500
Trevor Hildenberger,MIN,RP,572500
Keon Broxton,NYM,CF,571765
John Gant,STL,SP,571300
Adam Engel,CWS,CF,571000
Dylan Covey,CWS,RP,571000
Buck Farmer,DET,RP,570800
Jose Alvarado,TB,RP,570600
Max Moroff,CLE,2B,570500
Franmil Reyes,SD,RF,570500
Joey Wendle,TB,3B,570400
Daniel R. Robertson,TB,2B,570300
Jorge Alfaro,MIA,C,570000
Walker Buehler,LAD,SP,570000
Joey Rickard,BAL,RF,570000
Tyler Mahle,CIN,SP,570000
Wandy Peralta,CIN,RP,570000
Lewis Brinson,MIA,CF,570000
Trevor Richards,MIA,SP,570000
Ronald Guzman,TEX,1B,569500
Victor Caratini,CHC,C,569500
Isiah Kiner-Falefa,TEX,C,569500
John Brebbia,STL,RP,569300
Joe Jimenez,DET,RP,569200
Miguel Castro,BAL,RP,569000
Jace Fry,CWS,RP,569000
Felix Pena,LAA,SP,569000
Noe Ramirez,LAA,RP,569000
Nick Kingham,PIT,RP,569000
Dovydas Neverauskas,PIT,RP,569000
Tyler Austin,MIN,1B,568600
Sam Tuivailala,SEA,RP,568600
Hector Velazquez,BOS,RP,568500
Brent Suter,MIL,SP,568300
Tim Mayza,TOR,RP,568300
Eric Skoglund,KC,SP,568175
Jeff McNeil,NYM,3B,567714
Ben Gamel,MIL,OF,567700
Matt Koch,ARI,RP,567600
Jacob Barnes,MIL,RP,567600
Amir Garrett,CIN,RP,567500
Mike Wright,BAL,SP,567500
Reyes Moronta,SF,RP,567500
Chris Stratton,LAA,SP,567500
Trevor Gott,SF,RP,567500
Drew VerHagen,DET,RP,567400
Hunter Dozier,KC,3B,567225
JaCoby Jones,DET,CF,567100
John Hicks,DET,C,567100
Daniel Palka,CWS,OF,567000
Josh James,HOU,RP,566800
Tyler Glasnow,TB,SP,566700
Dinelson Lamet,SD,SP,566700
Framber Valdez,HOU,RP,566600
Daniel Stumpf,DET,RP,566600
Orlando Arcia,MIL,SS,565700
Pablo Reyes,PIT,OF,565500
Ryan Borucki,TOR,SP,565200
Joey Lucchesi,SD,SP,565100
Dylan Moore,SEA,3B,565000
Dylan Floro,LAD,RP,565000
Max Fried,ATL,RP,565000
German Marquez,COL,SP,565000
Julio Urias,LAD,SP,565000
Bryse Wilson,ATL,SP,565000
Kyle Wright,ATL,SP,565000
Chad Sobotka,ATL,RP,565000
Wes Parsons,ATL,RP,565000
Kyle Freeland,COL,SP,565000
Chad Pinder,OAK,1B,565000
Tayron Guerrero,MIA,RP,565000
Jharel Cotton,OAK,SP,565000
Andrew Knapp,PHI,C,565000
Chris Bassitt,OAK,RP,565000
Brock Stewart,LAD,RP,565000
Robert Stephenson,CIN,SP,565000
Alex Reyes,STL,SP,564600
Freddy Peralta,MIL,SP,564600
Jordan Luplow,CLE,OF,564500
Koda Glover,WSH,RP,564300
Ryne Stanek,TB,RP,564200
Drew Robinson,STL,3B,564100
Marco Hernandez,BOS,3B,564000
Seranthony Dominguez,PHI,RP,564000
Jacob Stallings,PIT,C,564000
Tyler O'Neill,STL,OF,564000
Randy Rosario,CHC,RP,564000
Adam Cimber,CLE,RP,563800
Taylor Williams,MIL,RP,563800
Mike Mayers,STL,RP,563700
Pedro Severino,BAL,C,563500
David Hess,BAL,SP,563500
Keynan Middleton,LAA,RP,563500
Ryan Yarbrough,TB,SP,563400
Phil Maton,SD,RP,562900
Corbin Burnes,MIL,SP,562800
Dalton Pompey,TOR,OF,562800
Eric Lauer,SD,SP,562500
Wander Suero,WSH,RP,562500
Willy Adames,TB,SS,562400
Chasen Bradford,SEA,RP,562300
Jorge Lopez,KC,SP,562250
Jack Flaherty,STL,SP,562100
Renato Nunez,BAL,3B,562000
Yairo Munoz,STL,SS,562000
Richard Urena,TOR,SS,562000
Yonny Chirinos,TB,SP,561800
David Bote,CHC,3B,561500
David Fletcher,LAA,SS,561500
Justin Anderson,LAA,RP,561500
Diego Castillo,TB,RP,561500
J.D. Davis,NYM,3B,561420
Brandon Woodruff,MIL,SP,561400
Dereck Rodriguez,SF,SP,561250
Bradley Zimmer,CLE,CF,561200
Socrates Brito,SD,RF,561000
Tyler Olson,CLE,RP,560900
Adam Kolarek,TB,RP,560800
Jake Bauers,CLE,LF,560400
Greg Allen,CLE,OF,560400
Miguel Diaz,SD,RP,560400
Wilmer Font,TB,RP,560400
Jose Castillo,SD,RP,560300
Franchy Cordero,SD,CF,560100
Dwight Smith Jr.,BAL,OF,560100
Thomas Pannone,TOR,RP,560100
Ronald Acuna Jr.,ATL,LF,560000
Carson Kelly,ARI,C,560000
David Dahl,COL,LF,560000
Ryan McMahon,COL,2B,560000
Raimel Tapia,COL,OF,560000
Antonio Senzatela,COL,SP,560000
Jose Rondon,CWS,SS,560000
Alex Verdugo,LAD,OF,560000
Caleb Ferguson,LAD,RP,560000
JT Riddle,MIA,SS,560000
Rosell Herrera,MIA,OF,560000
Willians Astudillo,MIN,C,560000
Adalberto Mejia,MIN,RP,560000
Matt Magill,MIN,RP,560000
Gabriel Moya,MIN,RP,560000
Daniel Gossett,OAK,SP,560000
Frankie Montas,OAK,SP,560000
Aaron Brooks,OAK,SP,560000
Robert Stock,SD,RP,559900
Christian Walker,ARI,1B,559800
Shane Bieber,CLE,SP,559600
Billy McKinney,TOR,OF,559400
Dominic Smith,NYM,1B,559320
Nick Rumbelow,SEA,RP,559300
Shawn Armstrong,SEA,RP,559100
Dakota Hudson,STL,SP,559100
Victor Alcantara,DET,RP,559100
Andrew Stevenson,WSH,OF,559100
Paul Fry,BAL,RP,559000
Jimmy Yacabonis,BAL,RP,559000
Manny Banuelos,CWS,RP,559000
Roman Quinn,PHI,OF,559000
Nick Burdi,PIT,RP,559000
Danny Jansen,TOR,C,558700
Grayson Greiner,DET,C,558600
Daniel Vogelbach,SEA,1B,558600
Rio Ruiz,BAL,3B,558500
Sam Travis,BOS,1B,558500
David Freitas,SEA,C,558500
Bobby Wahl,MIL,RP,558400
Yandy Diaz,TB,3B,558400
Steven Duggar,SF,CF,558125
Austin Wynns,BAL,C,558000
Jose De Leon,TB,RP,558000
Yohander Mendez,TEX,SP,558000
Luke Farrell,TEX,RP,558000
Victor Robles,WSH,CF,557800
Ryan O'Hearn,KC,1B,557650
Cedric Mullins,BAL,CF,557500
Kyle Farmer,CIN,C,557500
Alex Blandino,CIN,3B,557500
Taylor Cole,LAA,RP,557500
Drew Smith,NYM,RP,557500
Nick Martini,OAK,OF,557500
Lou Trivino,OAK,RP,557500
J.B. Wendelken,OAK,RP,557500
Ramon Laureano,OAK,CF,557500
Kevin Newman,PIT,SS,557500
Michael Reed,SF,RF,557500
Austin Meadows,TB,RF,557400
Stephen Tarpley,NYY,RP,557250
Ty Buttrey,LAA,RP,557250
Trey Wingenter,SD,RP,557200
Cam Gallagher,KC,C,557125
Pedro Araujo,BAL,RP,557000
Colten Brewer,BOS,RP,557000
Garrett Hampson,COL,2B,557000
DJ Johnson,COL,RP,557000
Harrison Musgrave,COL,RP,557000
Mike Tauchman,NYY,OF,557000
Jeffrey Springs,TEX,RP,557000
Yoan Lopez,ARI,RP,556900
Jacob Nix,SD,SP,556800
Anthony Banda,TB,SP,556800
Michael Perez,TB,C,556700
Mark Zagunis,CHC,RF,556500
Caleb Smith,MIA,SP,556500
Jalen Beeks,TB,RP,556500
Jonathan Davis,TOR,OF,556500
Michael Hermosillo,LAA,OF,556500
Christin Stewart,DET,LF,556400
Francisco Mejia,SD,C,556300
Tomas Nido,NYM,C,556300
Spencer Turnbull,DET,SP,556100
Ryan Burr,CWS,RP,556000
Ian Hamilton,CWS,RP,556000
Brett Kennedy,SD,SP,556000
Luis Guillorme,NYM,2B,555960
Jon Edwards,CLE,RP,555900
John Means,BAL,RP,555500
Matt Festa,SEA,RP,555500
Trevor Oaks,KC,RP,555350
Gerson Bautista,SEA,RP,555200
Justin Williams,STL,OF,555100
Troy Tulowitzki,NYY,SS,555000
Jordan Hicks,STL,RP,555000
Chris Paddack,SD,SP,555000
Richie Martin,BAL,SS,555000
Michael Kopech,CWS,SP,555000
Drew Jackson,BAL,SS,555000
Eric Stamets,CLE,SS,555000
Caleb Frare,CWS,RP,555000
Kyle Zimmer,KC,RP,555000
Chris Ellis,KC,RP,555000
Ben Heller,NYY,RP,555000
Garrett Cooper,MIA,RF,555000
Chad Wallach,MIA,C,555000
Pablo Lopez,MIA,SP,555000
Sandy Alcantara,MIA,SP,555000
Tyler Kinley,MIA,RP,555000
Nick Anderson,MIA,RP,555000
Austin Brice,MIA,RP,555000
Julian Fernandez,MIA,RP,555000
Riley Ferrell,MIA,RP,555000
Reed Garrett,DET,RP,555000
Gregory Soto,DET,RP,555000
Travis Bergen,SF,RP,555000
Connor Joe,SF,3B,555000
Scott Heineman,TEX,OF,555000
Trent Thornton,TOR,SP,555000
Elvis Luciano,TOR,RP,555000
Kyle Dowdy,TEX,RP,555000
Ryan Cordell,CWS,OF,555000
Kyle Bird,TEX,RP,555000
Javy Guerra,TOR,RP,555000
Fernando Tatis Jr.,SD,SS,555000
Dustin Peterson,DET,OF,555000
Pete Alonso,NYM,1B,555000
Tim Peterson,NYM,RP,555000
Jake Noll,WSH,2B,555000
Frank Schwindel,KC,1B,555000
Nick Vincent,SF,RP,555000
Rowdy Tellez,TOR,1B,555000
Ildemaro Vargas,ARI,SS,555000
Ryne Harper,MIN,RP,555000
